,section-0-question-0,section-0-question-1,section-0-question-2,section-0-question-3,section-0-question-4,section-0-question-5,section-0-question-6,section-0-question-7,section-0-question-8,section-0-question-9,section-0-question-10,section-1-question-0,section-0-question-11,section-1-question-1,section-0-question-12,section-1-question-2,section-0-question-13,section-1-question-3,section-1-question-4,section-1-question-5,section-1-question-6,section-1-question-7,section-1-question-8,section-1-question-9,section-2-question-0,section-2-question-1,section-2-question-2,section-2-question-3,section-2-question-4,section-2-question-5,section-2-question-6,section-2-question-7,section-2-question-8,section-1-question-10,section-1-question-11,section-1-question-12,section-1-question-13,section-1-question-14
0,5,2,4,3,3,7,6,2,5,1,1,Neither agree/nor disagree,3,Somewhat disagree,6,Somewhat agree,5,Be patience.,Somewhat disagree,No comment.,Somewhat agree,Somewhat disagree,Be confident.,Somewhat disagree,34,Male,"Everyday, during a majority of business hours",Once or twice a week,Anything else.,A mouse,No comment.,Keyboard,Nothing.,Be practice.,Somewhat disagree,Strongly disagree,Somewhat agree,Nothing else.
1,6,7,6,5,6,6,7,6,6,6,7,Neither agree/nor disagree,6,Somewhat agree,7,Somewhat agree,7,well,Strongly agree,good,Somewhat agree,Somewhat agree,nice,Strongly agree,59,Male,"Everyday, during a majority of business hours","Everyday, a few hours",car,A mouse,well,Mouse buttons,like,like,Strongly agree,Strongly agree,Strongly agree,well
2,6,7,6,7,6,5,7,6,7,5,7,Somewhat agree,6,Strongly agree,7,Somewhat agree,6,Yes,Strongly agree,Yes,Somewhat agree,Strongly agree,No,Strongly agree,35,Female,"Everyday, a few hours","Everyday, a few hours",Yes,A mouse,Good,Trackpad buttons,Good,Yes,Somewhat agree,Strongly agree,Somewhat agree,Yes
3,5,3,1,5,3,5,6,6,2,3,5,Somewhat agree,3,Strongly agree,2,Strongly agree,5,"The interface controls were inverted on my mouse. When I moved my cursor to the right, the dial moved to the left. I think it would be a better idea to have the dial move in the same direction as the mouse.",Somewhat agree,The interface could be more snappy in response to the cursor's movement and the mouse speed.,Strongly disagree,Somewhat agree,The interface allowed only a margin of error when positioning. I think allowing for a slightly larger area to account for errors would be better.,Somewhat agree,24,Female,"Everyday, during a majority of business hours",Rarely,"I play MMORPGs, roleplaying games, and MOBAs.",A mouse,I used a USB mouse for this task. It is a simple product with left and right clicking.,Mouse buttons,"The mouse I am using has the left and right buttons for clicking, and nothing else.",I completed this task on a laptop and used a USB mouse instead of a trackpad. The issue I encounter was that the controls were inverted for my mouse.,Somewhat agree,Strongly agree,Somewhat agree,"If the interface movements moved in the same direction as the cursor, it would be better. Also, for the dial to not have so much jerking when trying to move it fast against the target."
4,6,1,1,5,7,5,5,3,1,1,7,Strongly agree,7,Somewhat agree,7,Somewhat agree,3,very interesting,Strongly agree,very easy and fast,Somewhat disagree,Neither agree/nor disagree,very clear and attractive,Somewhat agree,32,Male,"Everyday, during a majority of business hours","Everyday, less than an hour",playing some running games,A trackpad,nothing,Mouse buttons,nothing,yes of course,Strongly agree,Strongly agree,Neither agree/nor disagree,very easy
5,6,5,4,3,6,5,6,6,3,3,6,Somewhat agree,5,Strongly agree,3,Somewhat agree,4,It could be smoother.,Somewhat agree,It could stop easier.,Somewhat disagree,Somewhat agree,Finer controls.,Neither agree/nor disagree,35,Male,"Everyday, during a majority of business hours",Once or twice a week,Action adventure,A trackpad,,Trackpad buttons,,It needs smaller degrees of movement.,Neither agree/nor disagree,Somewhat agree,Somewhat agree,There could be finer controls.
6,7,6,7,6,7,6,7,6,4,4,6,Neither agree/nor disagree,7,Somewhat agree,6,Somewhat agree,6,yes more intutitve,Somewhat agree,yes interface be improved ,Somewhat agree,Strongly agree,no,Somewhat agree,25,Male,"Everyday, less than an hour","Everyday, a few hours",,A mouse,,Mouse buttons,,yes better,Somewhat agree,Strongly agree,Strongly agree,somewhat improved
7,4,2,2,2,3,2,1,3,2,2,3,Strongly agree,4,Strongly agree,5,Strongly agree,3,"I can't think of anything, the interface was intuitive just the way it was.",Somewhat agree,I don't think the interface can be improved to allow faster control of the object without interfering with your research.,Strongly disagree,Neither agree/nor disagree,I didn't receive any errors on the interface.,Neither agree/nor disagree,57,Female,"Everyday, a few hours",Once or twice a week,"Gin rummy, Solitaire, Tetris",A mouse,I use a wireless mouse.,Mouse buttons,I use mouse buttons to click on the computer.,I don't know about this question because I use a mouse.,Somewhat agree,Somewhat agree,Neither agree/nor disagree,"I thought this was a good study the way it is, and i apprectie the opportunity to contribute to your research."
8,4,3,4,6,4,3,5,3,2,1,5,Somewhat agree,6,Neither agree/nor disagree,6,Somewhat agree,2,Know which colours evoke which moods,Somewhat agree,Keep the interface simple. ,Neither agree/nor disagree,Somewhat agree,Rotate,Somewhat agree,36,Female,"Everyday, during a majority of business hours",Once or twice a week,game controllers ,A mouse, primary input devices,Mouse buttons, primary input devices,Use headings correctly ,Neither agree/nor disagree,Somewhat agree,Neither agree/nor disagree,No
9,6,7,6,7,6,7,6,7,2,2,7,Strongly agree,7,Somewhat agree,6,Strongly agree,1,nice survey,Strongly agree,sory i no,Strongly agree,Somewhat agree,sory i no,Strongly agree,62,Female,"Everyday, during a majority of business hours","Everyday, a few hours",free fire,A mouse,a mouse,Mouse buttons,mouse buttons,sory i no,Strongly agree,Somewhat agree,Strongly agree,i no
10,3,3,2,3,2,3,5,3,2,2,4,Strongly agree,6,Strongly agree,3,Strongly agree,3,Maybe add some color,Somewhat agree,If there was a way to make the size of my mouse smaller so i could see the object better,Strongly disagree,Neither agree/nor disagree,I did not notice any errors,Neither agree/nor disagree,29,Female,"Everyday, during a majority of business hours","Everyday, less than an hour","I like to play Nintendo games, especially the Zelda series, and anything with Mario in it",A mouse,"I'm using a simple mouse, I did adjust the settings so the pointer speed was slightly slower than normal",Mouse buttons,"I'm using a simple mouse, I did adjust the settings so the pointer speed was slightly slower than normal",,Somewhat agree,Somewhat disagree,Somewhat disagree,
11,3,2,2,1,1,1,2,5,2,2,2,Strongly agree,7,Strongly agree,7,Strongly agree,1,It was very straightforward and the explanation was clear. ,Strongly agree,Everything worked perfectly. ,Strongly disagree,Neither agree/nor disagree,I didn't experience any errors.,Neither agree/nor disagree,42,Female,"Everyday, during a majority of business hours","Everyday, less than an hour",puzzle games and simulations,A trackpad,MacBook Air trackpad,Trackpad buttons,Nothing really,unsure,Somewhat agree,Somewhat disagree,Somewhat disagree,It was very simple. I enjoyed it.
12,7,7,7,7,7,7,7,7,1,1,7,Somewhat agree,6,Strongly agree,7,Somewhat agree,6,well,Somewhat agree,great,Somewhat agree,Strongly agree,well,Strongly agree,30,Male,"Everyday, a few hours","Everyday, a few hours",good,A mouse,cursor,Mouse buttons,very hard,good,Somewhat agree,Somewhat agree,Strongly agree,great
13,4,5,4,6,2,5,2,2,3,3,3,Neither agree/nor disagree,4,Somewhat disagree,5,Somewhat agree,4,none,Strongly disagree,none,Strongly disagree,Somewhat disagree,none,Strongly agree,28,Female,"Everyday, during a majority of business hours","Everyday, a few hours",none,A mouse,none,Mouse buttons,none,none,Strongly disagree,Somewhat disagree,Somewhat agree,nice
14,7,3,1,1,3,3,1,4,5,6,6,Strongly agree,4,Strongly agree,5,Strongly agree,5,make it a little bigger image wise,Strongly agree,it perfect as is in my honest opinion,Somewhat agree,Somewhat agree,yes maybe change the ui make it a little more user friendly,Strongly agree,33,Male,"Everyday, during a majority of business hours",Once or twice a week,sports,A mouse,,Mouse buttons,,,Strongly agree,Somewhat disagree,Neither agree/nor disagree,
15,7,6,6,6,5,5,5,4,5,4,5,Somewhat agree,6,Somewhat agree,4,Somewhat agree,5,In this is a intuitive,Neither agree/nor disagree,Yeah slowly object move ,Neither agree/nor disagree,Neither agree/nor disagree,error,Neither agree/nor disagree,50,Female,"Everyday, a few hours","Everyday, a few hours","Vice city
Some race",A mouse,Yeah cursor disturbing,Mouse buttons,Nothing happened,Yeah better,Somewhat agree,Somewhat agree,Somewhat agree,Yeah slowly moving object
16,6,6,3,4,2,5,6,5,4,3,7,Strongly agree,5,Somewhat agree,5,Strongly agree,5,super improved,Strongly agree,good,Strongly agree,Strongly agree,good improved,Strongly agree,51,Male,"Everyday, during a majority of business hours","Everyday, a few hours",puzzle ,A trackpad,good,Keyboard,usindg keyboord,yes good accesibility,Somewhat agree,Strongly agree,Somewhat agree,good improved
17,5,5,5,3,4,3,5,3,1,2,5,Somewhat agree,4,Strongly agree,5,Strongly agree,4,"Not that I can think of, it was fine.",Strongly agree,It can be improved with no beginning countdown.,Strongly disagree,Somewhat agree,There weren't any errors that I could see.,Somewhat agree,56,Female,"Everyday, during a majority of business hours",Once or twice a week,"tetris, solitare",A mouse,its a wireless mouse connected to the laptop via Bluetooth.,Mouse buttons,its a wireless mouse connected to the laptop via Bluetooth.,I was using my mouse but I think it could be used on just touch itself.,Strongly agree,Somewhat agree,Neither agree/nor disagree,None that I could add.
18,2,2,2,2,2,2,2,2,1,1,7,Strongly agree,7,Strongly agree,7,Strongly agree,1,not sure,Strongly agree,bigger pictures,Strongly disagree,Strongly agree,bigger pictures,Strongly agree,30,Male,"Everyday, during a majority of business hours",Once or twice a week,minecraft,A mouse,wireless mouse,Mouse buttons,wireless mouse,bigger pictures,Strongly agree,Strongly disagree,Strongly disagree,bigger pictures
19,6,6,4,2,2,4,3,6,3,1,6,Strongly agree,6,Strongly agree,5,Strongly agree,2,Not moving as fast from side to side or up and down,Strongly agree,"Not pressing on and off, too much clicking",Strongly disagree,Strongly agree,Stop when it goes green instead of continuing,Neither agree/nor disagree,27,Female,"Everyday, during a majority of business hours","Everyday, less than an hour",Nintendo Switch games and simulation games,A mouse,,Mouse buttons,,I am not sure,Strongly agree,Strongly agree,Strongly agree,None
20,6,5,7,6,4,6,7,5,5,6,7,Somewhat agree,6,Somewhat agree,6,Strongly agree,6,nice,Strongly agree,like,Somewhat agree,Somewhat agree,nice,Strongly agree,31,Male,"Everyday, during a majority of business hours","Everyday, a few hours",coc,A mouse,n/a,Mouse buttons,like,yes,Somewhat agree,Somewhat agree,Strongly agree,well
21,6,7,7,7,5,7,6,4,2,2,5,Strongly agree,6,Somewhat agree,4,Strongly agree,5,no more Improved the intuitive,Neither agree/nor disagree,Not improved to allow faster control of the object,Neither agree/nor disagree,Neither agree/nor disagree,No The error,Neither agree/nor disagree,49,Male,"Everyday, a few hours","Everyday, a few hours",Yes ,A mouse,,Mouse buttons,,No then cutter the accessibility,Somewhat agree,Somewhat agree,Somewhat agree,not About the improved
22,5,7,5,6,5,6,5,5,6,5,5,Strongly agree,5,Neither agree/nor disagree,6,Somewhat agree,7,All are great,Strongly agree,slightly improve the speed.,Somewhat disagree,Somewhat agree,no errors,Somewhat agree,25,Female,"Everyday, during a majority of business hours","Everyday, less than an hour",Action,A mouse,it is the language to interact with computer.,Mouse buttons,great.,moving mouse fastly.,Somewhat agree,Strongly agree,Somewhat agree,All are great.
23,6,7,6,6,7,7,6,7,7,6,6,Strongly agree,6,Strongly agree,7,Somewhat agree,7,nice,Somewhat agree,good,Strongly agree,Strongly agree,NA,Somewhat agree,34,Male,"Everyday, during a majority of business hours","Everyday, a few hours",pubg,A mouse,NA,Mouse buttons,NA,good,Strongly agree,Strongly agree,Somewhat agree,nice
24,6,5,4,4,5,5,6,5,5,5,5,Somewhat agree,6,Neither agree/nor disagree,4,Somewhat agree,5,that was good,Somewhat agree,not bad,Somewhat agree,Neither agree/nor disagree,no need,Somewhat agree,33,Female,"Everyday, during a majority of business hours","Everyday, less than an hour",shooting games,A mouse,that was good,Mouse buttons,nope,no need,Strongly agree,Somewhat agree,Neither agree/nor disagree,nope
25,6,4,3,4,5,3,4,3,2,2,3,Somewhat agree,3,Somewhat agree,4,Strongly agree,3,Make it so you can move things diagonally,Somewhat disagree,Allow diagonal movements.,Somewhat disagree,Somewhat disagree,N/A,Strongly agree,23,Male,"Everyday, during a majority of business hours","Everyday, a few hours","FPS, shooters",A mouse,N/A,Mouse buttons,N/A,N/A,Somewhat disagree,Strongly agree,Strongly agree,Allow diagonal movements.
26,5,5,5,5,6,6,5,5,6,4,5,Neither agree/nor disagree,6,Neither agree/nor disagree,5,Neither agree/nor disagree,4,good,Somewhat agree,good,Somewhat agree,Neither agree/nor disagree,good,Somewhat agree,30,Male,"Everyday, during a majority of business hours","Everyday, less than an hour",online,A mouse,no,Mouse buttons,good,good,Neither agree/nor disagree,Neither agree/nor disagree,Neither agree/nor disagree,good
27,6,2,2,6,2,3,6,6,2,1,6,Strongly agree,7,Strongly agree,7,Strongly agree,2,"no, it's much more improved",Strongly agree,it allow very fast to control,Somewhat agree,Strongly agree,by this interface we can surely reduce errors,Strongly agree,29,Male,"Everyday, a few hours","Everyday, less than an hour",Action,A mouse,,Mouse buttons,,very likely,Strongly agree,Strongly disagree,Somewhat agree,"no, it's much more improved"
28,6,5,5,6,6,5,7,6,5,3,4,Somewhat agree,3,Neither agree/nor disagree,3,Somewhat agree,4,I will try to shed some light on the hidden facets of intuitive user interface.,Neither agree/nor disagree,many techniques involved in crafting beautiful and functional interfaces.,Somewhat agree,Neither agree/nor disagree,"These simple guidelines can help enable lower rates of user errors, and ultimately improve usability.",Neither agree/nor disagree,33,Male,"Everyday, during a majority of business hours","Everyday, less than an hour",online games,A mouse,"Mice originally used a ball rolling on a surface to detect motion, but modern mice often have optical sensors that have no moving parts.",Mouse buttons," design is the process designers use to build interfaces in software or computerized devices, focusing on looks or style.",The average company allocates very limited resources to serving users with disabilities.,Neither agree/nor disagree,Neither agree/nor disagree,Somewhat agree,nothing
29,7,7,1,7,7,6,7,1,1,1,7,Strongly agree,7,Strongly agree,7,Strongly agree,1,It is also improved,Strongly agree,It was already faster,Strongly disagree,Strongly agree,Nothing,Strongly agree,28,Male,"Everyday, during a majority of business hours","Everyday, a few hours",Online RPG,A mouse,Mouse,Mouse buttons,Mouse buttons,It is improved,Strongly agree,Strongly disagree,Strongly disagree,It is already improved
30,5,6,4,2,1,2,7,6,1,1,7,Somewhat agree,3,Strongly agree,3,Strongly agree,5,I don't think it can. This is something you actually have to do in order to understand how the interface works.,Strongly agree,I don't think it can. I think the user's skill determines how fast the interface controls the object.,Strongly disagree,Somewhat agree,Maybe make it more sensitive to small movements.,Neither agree/nor disagree,64,Female,"Everyday, during a majority of business hours",Rarely,Mario Carts,A mouse,None. It's just a regular computer mouse.,Mouse buttons,None,I'm not sure if it could be improved for people using an assistive device. ,Strongly agree,Somewhat agree,Neither agree/nor disagree,Maybe make it more sensitive to small movements by the user.
31,5,7,4,7,2,6,6,6,1,1,7,Somewhat agree,7,Strongly agree,6,Somewhat agree,4,very improve,Somewhat disagree,NO,Somewhat disagree,Somewhat disagree,NO,Somewhat disagree,37,Female,"Everyday, during a majority of business hours","Everyday, less than an hour",specific computer game,A mouse,no,Mouse buttons,no,NO,Somewhat agree,Strongly agree,Somewhat agree,NO
32,6,7,6,7,6,7,6,7,6,7,6,Strongly agree,7,Somewhat agree,6,Strongly agree,7,yes,Strongly agree,yes,Strongly agree,Strongly agree,yes,Somewhat agree,41,Male,"Everyday, during a majority of business hours","Everyday, a few hours",ff game,A trackpad,well located,Keyboard,it is located very aptly,yes,Strongly agree,Somewhat agree,Strongly agree,yes
33,1,1,1,1,1,2,2,6,1,2,2,Somewhat agree,6,Somewhat agree,6,Somewhat agree,2,it could be improved with more  color ranges and labels. ,Somewhat agree,"It was perfect, the control was smooth and fast. ",Strongly disagree,Strongly agree,Worked perfecfectly. ,Somewhat agree,29,Female,"Everyday, during a majority of business hours",Once or twice a week,"War, strategy",A mouse,,Trackpad buttons,,it was easy to manipulate the interface. ,Strongly agree,Somewhat disagree,Neither agree/nor disagree,"No, not really. "
34,4,3,2,1,1,2,3,2,3,4,3,Neither agree/nor disagree,6,Somewhat agree,7,Strongly agree,2,i thought it was fine the way it was,Somewhat agree,I think it was at a good pace,Neither agree/nor disagree,Somewhat agree,I thought it did well that way it was,Neither agree/nor disagree,45,Female,"Everyday, during a majority of business hours","Everyday, less than an hour",puzzle word games,A mouse,N/A,Mouse buttons,N/A,no improvement needed,Somewhat agree,Somewhat disagree,Somewhat disagree,no 
35,6,7,6,6,7,6,7,6,3,3,6,Somewhat agree,6,Strongly agree,5,Somewhat agree,6,Yes,Somewhat agree,yes,Somewhat agree,Strongly agree,Nothing,Somewhat agree,36,Male,"Everyday, a few hours","Everyday, less than an hour",Yes,An assistive device,I will do the using in mouse to cursor,Mouse buttons,Yes I do he cursor,When do the work improment for accessibility,Somewhat agree,Strongly agree,Somewhat agree,Yes
36,5,4,3,1,1,3,4,4,3,2,4,Somewhat agree,5,Strongly agree,6,Strongly agree,3,The pseed increased a bit too much over time,Somewhat agree,Start a bit faster,Neither agree/nor disagree,Somewhat agree,"Adjust the speed, Faster at the start,  slower on a longer run",Somewhat agree,55,Male,"Everyday, during a majority of business hours",Rarely,Driving,Other,Keyboard arrows,Mouse buttons,,Use of a joystick,Neither agree/nor disagree,Neither agree/nor disagree,Neither agree/nor disagree,None
37,5,3,3,4,2,2,6,6,2,1,6,Somewhat agree,7,Strongly agree,6,Strongly agree,3,I think it was great,Strongly agree,I don't think that there is room for improvement,Strongly disagree,Strongly disagree,I didn't notice any errors,Somewhat agree,32,Female,"Everyday, a few hours",Once or twice a week,Card games,A mouse,,Mouse buttons,,It moved perfectly with my mouse,Strongly agree,Somewhat agree,Strongly disagree,No
38,7,7,7,6,5,6,7,5,7,1,7,Somewhat agree,7,Somewhat agree,2,Somewhat agree,2,more easy control  interface,Somewhat agree,slow is good,Somewhat agree,Somewhat disagree,none,Somewhat agree,40,Male,"Everyday, during a majority of business hours","Everyday, a few hours",car race,A mouse,none,Mouse buttons,none,mouse control is best,Somewhat agree,Strongly agree,Somewhat agree,no
39,6,5,3,4,5,4,4,5,4,2,5,Somewhat agree,5,Strongly agree,4,Somewhat agree,4,"Needs to be a little bit more responsive, the small delay caused my wrist to fatigue fast.",Somewhat agree,Again remove the delay.,Somewhat agree,Somewhat agree,"If you hold the arrow to long, it wont stop until a bit after letting go the arrow button.",Somewhat agree,38,Male,"Everyday, a few hours",Once or twice a week,rpgs,A mouse,I use a basic mouse to regular movements.,Mouse buttons,Laser point for movement and accuracy.,It is fine.,Strongly agree,Somewhat disagree,Somewhat disagree,na
40,2,1,1,1,1,3,6,7,2,1,3,Strongly agree,7,Strongly agree,6,Strongly agree,1,Each arrow should be in fact double arrows like this: <---> because you always can go both ways.,Strongly agree,Maybe add a diagonal option.,Somewhat disagree,Strongly agree,I'm not sure what cause this but when clicking on the interface rapidly sometime you miss-click for no apparent reason. It can be when you click while in movement.,Strongly agree,37,Male,"Everyday, during a majority of business hours",Once or twice a week,"Minecraft, Starcraft",A mouse,It's a simple laser mouse.,Mouse buttons,It's a simple laser mouse.,,Strongly agree,Strongly agree,Neither agree/nor disagree,I don't see anything more.
41,5,3,2,1,3,3,2,2,2,1,3,Somewhat agree,6,Somewhat agree,6,Strongly agree,2,Move or rotate by holding the mouse button rather than clicking to start and then clicking again to stop.,Somewhat agree,Move or rotate by holding the mouse button rather than clicking to start and then clicking again to stop.,Somewhat disagree,Somewhat agree,Making the goal a bright color.,Strongly agree,21,Male,"Everyday, during a majority of business hours",Once or twice a week,RPGs,A mouse,,Mouse buttons,,It allows for great accessibility.,Strongly agree,Strongly disagree,Somewhat disagree,
42,6,4,3,6,5,5,6,5,5,5,5,Somewhat agree,6,Strongly agree,4,Strongly agree,5,yes,Strongly agree,yes,Strongly agree,Somewhat agree,yes,Somewhat agree,35,Male,"Everyday, a few hours","Everyday, less than an hour",Sports,A mouse,The cursor is very useful.It allows many applications to run faster.,Mouse buttons,Many jobs are done on the computer only with the click of a mouse,yes,Somewhat agree,Strongly agree,Somewhat agree,yes
43,3,2,1,5,2,1,3,4,2,1,3,Somewhat agree,6,Strongly agree,7,Strongly agree,2,I think it's good just as is,Somewhat agree,I think the control speed was perfectly fine,Somewhat disagree,Somewhat agree,To reposition itself when needed,Neither agree/nor disagree,40,Female,"Everyday, during a majority of business hours",Rarely,solitaire,A mouse,,Mouse buttons,,Maybe no timer in between,Somewhat agree,Somewhat disagree,Somewhat disagree,Not that i can think of
44,2,2,2,1,2,2,4,6,3,3,6,Strongly agree,6,Strongly agree,6,Strongly agree,3,I don't think it really needs to be improved as it was very simple to learn and execute. Perhaps you could rotate the dial by clicking on the dial but it worked well as it was,Strongly agree,The interface allowed for me to move the object at the speed of my mouse. Really the only thing that could increase the speed is to be able to move the dial by clicking and dragging it rather than clicking on the ring to rotate it.,Strongly disagree,Strongly agree,Perhaps you could slow the rotation speed or make the dial stick when it hits its target but I think the interface worked very well and did not need much or any improving,Neither agree/nor disagree,36,Male,"Everyday, during a majority of business hours","Everyday, a few hours",RPGs,A mouse,During one of the tests I was delayed from responding by a computer pop up for a few seconds. My mouse was otherwise effective,Mouse buttons,Use buttons on side of mouse to click,I only used a mouse to control the cursor and it was very effective. I am not sure what an assistive device is so I can't say I know the answer to that.,Strongly agree,Somewhat disagree,Neither agree/nor disagree,No it was very efficient
45,2,3,4,6,4,2,4,5,5,3,3,Somewhat disagree,3,Neither agree/nor disagree,4,Somewhat agree,5,OK,Somewhat disagree,OK,Somewhat disagree,Neither agree/nor disagree,OK,Somewhat disagree,47,Female,"Everyday, less than an hour","Everyday, less than an hour",GOOD,A trackpad,GOOD,Keyboard,GOOD,OK,Somewhat disagree,Neither agree/nor disagree,Somewhat agree,OK
46,6,7,5,4,5,7,6,5,5,5,7,Somewhat agree,3,Strongly agree,5,Neither agree/nor disagree,6,click to the arrow move to the circle ,Somewhat agree,slow to move the mouse,Somewhat agree,Strongly agree,nothing ,Strongly agree,30,Male,"Everyday, during a majority of business hours","Everyday, a few hours",car race games ,A mouse,nothing ,Mouse buttons,nothing ,move to the cursor in slow mode ,Somewhat agree,Strongly agree,Somewhat agree,nothing 
47,5,3,2,1,1,2,1,4,1,1,5,Strongly agree,7,Strongly agree,7,Strongly agree,2,Nothing I can think of,Strongly agree,Maybe separate movement and rotation into 2 separate actions,Strongly disagree,Strongly disagree,I can't think of any because I didn't have any errors,Somewhat agree,35,Male,"Everyday, during a majority of business hours","Everyday, a few hours",,A mouse,,Mouse buttons,,,Strongly agree,Somewhat disagree,Strongly disagree,
48,7,7,6,7,7,6,7,6,1,1,7,Strongly agree,7,Strongly agree,7,Strongly agree,7,strongly agree,Strongly agree,strongly agree,Strongly disagree,Strongly disagree,strongly disagree,Strongly disagree,45,Male,"Everyday, during a majority of business hours","Everyday, less than an hour",gta 5,A mouse,lighting mouse,Mouse buttons,Mouse buttons,strongly disagree,Strongly agree,Strongly agree,Strongly agree,very smooth
49,5,4,2,1,1,1,1,2,1,2,3,Strongly agree,7,Strongly agree,7,Strongly agree,1,I only had trouble with the circle one but even that was easy.,Strongly agree,It was easy already/,Strongly disagree,Strongly agree,It was already easy to do.,Neither agree/nor disagree,60,Female,"Everyday, during a majority of business hours","Everyday, less than an hour",Homescape Soduku,A mouse,,Mouse buttons,,I only know what it was like using a mouse.,Neither agree/nor disagree,Neither agree/nor disagree,Strongly agree,"If this was the circle one, it was more difficult than the rest."
50,6,7,7,4,5,4,5,6,4,3,6,Somewhat disagree,4,Somewhat agree,4,Neither agree/nor disagree,5,with arrows,Somewhat agree,mouse directions,Somewhat disagree,Neither agree/nor disagree,increase servers,Neither agree/nor disagree,26,Male,"Everyday, less than an hour","Everyday, less than an hour",video games,A mouse,wireless mouse,Mouse buttons,mouse pad,good,Neither agree/nor disagree,Somewhat agree,Neither agree/nor disagree,reduce targets
51,6,7,6,7,6,7,7,6,7,7,7,Strongly agree,7,Somewhat agree,6,Strongly agree,7,good,Somewhat agree,good,Somewhat agree,Strongly agree,good,Somewhat agree,30,Male,"Everyday, during a majority of business hours","Everyday, a few hours",different type of computer game,A mouse,laptop,Mouse buttons,mouse button,good,Somewhat agree,Strongly agree,Somewhat agree,good
52,6,4,3,3,3,5,3,5,4,3,4,Somewhat agree,5,Somewhat agree,5,Somewhat agree,3,the buttons flash with each click.,Somewhat agree,allow for bigger buttons,Somewhat disagree,Neither agree/nor disagree,have sound effect for each click,Somewhat agree,31,Male,"Everyday, during a majority of business hours","Everyday, a few hours",card games,A mouse,,Mouse buttons,,quicker reactions times,Somewhat agree,Somewhat agree,Somewhat agree,
53,4,1,7,5,6,4,6,4,6,3,6,Somewhat agree,7,Neither agree/nor disagree,7,Somewhat agree,5,improved ,Somewhat agree,faster,Somewhat agree,Somewhat disagree,nothing,Somewhat disagree,61,Female,"Everyday, a few hours","Everyday, less than an hour",2,A mouse,the improve in the game ,Mouse buttons,good ,very esey,Somewhat agree,Somewhat agree,Neither agree/nor disagree,good 
54,6,5,3,5,4,4,5,2,4,4,3,Somewhat disagree,4,Neither agree/nor disagree,6,Neither agree/nor disagree,4,nice,Somewhat agree,like this interface,Somewhat disagree,Somewhat disagree,nothing error,Neither agree/nor disagree,29,Male,"Everyday, during a majority of business hours","Everyday, a few hours",battle ground,A mouse,nothing,Mouse buttons,nothing,no it is good,Neither agree/nor disagree,Somewhat disagree,Somewhat disagree,no
55,4,5,3,3,6,3,5,2,6,2,5,Somewhat disagree,3,Neither agree/nor disagree,5,Somewhat disagree,3, In this post I will try to shed some light on the hidden facets of intuitive user interface. Read more: Why Experience Design is the next big thing ,Somewhat disagree, There are many techniques involved in crafting beautiful and functional interfaces. ... With quick wins and long strategies to start improving conversion tomorrow. ... Fading the extras allows visitors to easily focus their attention on the ... These hover controls can be achieved with some simple CSS code,Neither agree/nor disagree,Somewhat disagree,It is always better to design interfaces that prevent errors from happening in the first place. Promote data quality to reduce the occurrence of errors.,Neither agree/nor disagree,48,Female,"Everyday, a few hours","Everyday, a few hours",Moto Racing,A mouse,,Mouse buttons,," Designlab is a part-time, online course that helps you improve your UI/UX design skills through 1-on-1 mentorship from an expert designer.",Somewhat disagree,Neither agree/nor disagree,Somewhat agree,"Web design consists, for the most part, of interface design. ... We can do this by adding padding and, in some cases, also converting the ... These hover controls can be achieved with some simple CSS code, without any JavaScript. ... There are plenty of other ways to hide the inner <div>, such as offsetting it "
56,4,1,3,5,2,5,4,5,2,1,5,Somewhat agree,6,Somewhat agree,6,Somewhat agree,4,good,Somewhat agree,good,Somewhat agree,Somewhat disagree,none,Somewhat agree,30,Male,"Everyday, during a majority of business hours","Everyday, a few hours",,A mouse,,Mouse buttons,,good,Somewhat agree,Somewhat disagree,Somewhat agree,none
57,5,5,4,3,2,4,5,5,2,2,6,Somewhat agree,5,Strongly agree,4,Strongly agree,3,Without knowing what the interface is for it's hard to make suggestions.,Strongly agree,Maybe make all the points with a larger target dot.,Somewhat disagree,Somewhat agree,Give broader ranges with each target.,Neither agree/nor disagree,36,Female,"Everyday, during a majority of business hours",Rarely,Poker,A trackpad,Nothing of note.,Trackpad buttons,Standard double button system.,Seems like this would be doable with an assistive device like a joystick.,Strongly agree,Somewhat agree,Strongly disagree,Large target ranges and short distances from the center.
58,3,4,1,1,2,5,4,4,2,5,3,Somewhat agree,5,Neither agree/nor disagree,5,Strongly agree,5,Easier colors to distinguish moving parts?,Somewhat agree,"Nothing, clicking on it seems fast enough.",Somewhat disagree,Somewhat agree,"Nothing, there wasn't many errors.",Somewhat agree,36,Do not wish to share,"Everyday, during a majority of business hours","Everyday, a few hours",PC games,A mouse,None,Mouse buttons,None,"Nothing, anyone with mouse can click on the clock with their cursor.",Strongly agree,Somewhat agree,Somewhat disagree,None
59,5,4,3,4,5,4,5,5,4,3,6,Somewhat agree,5,Somewhat agree,6,Somewhat agree,2,all good,Somewhat agree,all good -easy,Strongly disagree,Strongly agree,easy to return if going in incorrect position,Neither agree/nor disagree,51,Female,"Everyday, during a majority of business hours","Everyday, less than an hour","word /card games, cubis",A mouse,"easy for me to use mouse, not best with track pad",Mouse buttons,,not sure what interface between instrument controlling cursor,Somewhat agree,Strongly disagree,Strongly disagree,all good simple for my purposes
60,5,3,2,3,4,3,5,5,2,1,7,Neither agree/nor disagree,6,Strongly agree,6,Strongly agree,3,The interface is just perfect ,Strongly agree,No improvement.. It's perfect ,Somewhat disagree,Somewhat agree,I did not notice any errors,Neither agree/nor disagree,43,Female,"Everyday, a few hours",Once or twice a week,Football games ,A mouse,I used a mouse to move cursor on my computer,Mouse buttons,I used a mouse ,,Strongly agree,Somewhat disagree,Somewhat disagree,
61,4,4,3,1,3,2,1,3,3,2,4,Neither agree/nor disagree,6,Somewhat agree,6,Strongly agree,2,have blinking instructions the first time for the white wheel,Somewhat agree,USing the keyboard arrows would be easier to move it,Neither agree/nor disagree,Somewhat agree,Somtimes the wheel kept spinning even when I clicked again.,Strongly agree,28,Female,"Everyday, a few hours",Once or twice a week,simms,A mouse,I used a wireless mouse.,Mouse buttons,I used a wireless mouse.,Using the arrow keys would be better.,Strongly agree,Strongly agree,Strongly agree,Make the target a little less transparent.
62,5,6,7,7,6,7,6,7,6,6,5,Somewhat disagree,5,Neither agree/nor disagree,6,Somewhat agree,7,good,Neither agree/nor disagree,good,Strongly disagree,Somewhat disagree,good,Neither agree/nor disagree,25,Male,"Everyday, during a majority of business hours","Everyday, a few hours",gta,A mouse,good,Trackpad buttons,good,god,Neither agree/nor disagree,Somewhat agree,Strongly agree,good
63,5,6,7,7,6,6,5,5,7,7,6,Somewhat agree,6,Somewhat agree,6,Strongly agree,6,well,Strongly agree,yes,Strongly agree,Somewhat agree,like,Somewhat agree,32,Male,"Everyday, during a majority of business hours","Everyday, a few hours",pc,A mouse,like,Mouse buttons,well,nice,Strongly agree,Strongly agree,Somewhat agree,agree
64,7,7,6,7,5,7,6,5,1,1,7,Strongly agree,7,Somewhat agree,7,Strongly agree,4,very high improud,Strongly agree,yes,Somewhat disagree,Neither agree/nor disagree,good,Somewhat agree,36,Male,"Everyday, a few hours","Everyday, less than an hour",online games,A mouse,mouse,Mouse buttons,mouse buttons,good,Strongly agree,Somewhat agree,Neither agree/nor disagree,yes high improved
65,6,6,6,6,6,6,6,5,5,5,6,Neither agree/nor disagree,4,Neither agree/nor disagree,5,Somewhat agree,6,nil,Neither agree/nor disagree,good,Somewhat agree,Somewhat agree,nil,Neither agree/nor disagree,37,Female,"Everyday, a few hours","Everyday, a few hours",pubg,A mouse,nil,Mouse buttons,nil,good,Somewhat agree,Somewhat agree,Somewhat agree,nil
66,6,5,7,6,4,4,7,5,1,1,7,Neither agree/nor disagree,7,Somewhat agree,6,Somewhat agree,4,already improved,Somewhat agree, Already Good improved ,Somewhat agree,Neither agree/nor disagree,N/A,Neither agree/nor disagree,30,Male,"Everyday, a few hours","Everyday, a few hours",sports game,A mouse,correct side move,Mouse buttons,correct side move,N/A,Neither agree/nor disagree,Somewhat agree,Neither agree/nor disagree,Already improved control interface.
67,7,6,7,6,7,6,7,6,7,6,7,Strongly agree,6,Somewhat agree,5,Strongly agree,6,very excellent,Strongly agree,very nice,Strongly agree,Somewhat agree,slow,Strongly agree,42,Female,"Everyday, during a majority of business hours","Everyday, a few hours",pubg,A mouse,nothing,Keyboard,nothing,yes better,Strongly agree,Somewhat agree,Strongly agree,nothing
68,2,2,1,4,1,4,1,4,1,1,3,Strongly agree,7,Strongly agree,4,Strongly agree,2,"It's pretty good, don't think it needs any changes",Strongly agree,the only thing i can think of is to move mouse pointer to the correct position,Strongly disagree,Neither agree/nor disagree,i haven't seen any errors,Neither agree/nor disagree,36,Male,"Everyday, during a majority of business hours",Once or twice a week,"strategies, RPG",A mouse,"mostly mouse, sometimes trackpad",Mouse buttons,"mostly mouse, sometimes trackpad",I'm not sure about this. Not familiar with any ssistive devices,Strongly agree,Strongly disagree,Strongly disagree,"It's pretty easy to use, no changes needed"
69,6,5,6,6,5,6,4,6,2,1,7,Neither agree/nor disagree,6,Somewhat agree,4,Somewhat agree,4,no,Somewhat disagree,no,Neither agree/nor disagree,Neither agree/nor disagree,reducing speed,Somewhat disagree,35,Male,"Everyday, during a majority of business hours","Everyday, less than an hour",pubg,A mouse,no,Mouse buttons,no,nothing,Somewhat agree,Strongly agree,Somewhat agree,no
70,2,2,2,3,3,3,4,3,4,3,5,Somewhat agree,5,Somewhat agree,3,Somewhat agree,4,Very good interface,Somewhat agree,Very good interface,Somewhat disagree,Somewhat agree,Very good interface,Somewhat agree,39,Female,"Everyday, during a majority of business hours",Rarely,,A mouse,,Mouse buttons,,Very good interface,Somewhat agree,Somewhat disagree,Somewhat disagree,
71,7,7,6,7,7,6,7,6,7,6,6,Strongly agree,7,Strongly agree,6,Somewhat agree,7,good,Strongly agree,good,Somewhat agree,Strongly agree,good,Strongly agree,27,Female,"Everyday, during a majority of business hours","Everyday, a few hours",rummy,A mouse,good,Mouse buttons,good,good,Strongly agree,Somewhat agree,Strongly agree,good
72,7,6,7,7,4,6,3,6,1,1,7,Somewhat agree,6,Strongly agree,7,Strongly agree,1,Nil,Strongly agree,Nil,Somewhat agree,Somewhat agree,Nil,Neither agree/nor disagree,28,Male,"Everyday, during a majority of business hours","Everyday, a few hours",Action and Adventurous games,A mouse,Nil,Mouse buttons,Nil,Nil,Somewhat agree,Strongly agree,Somewhat agree,Nil
73,3,3,3,2,2,2,7,6,3,3,5,Somewhat agree,3,Strongly agree,3,Strongly agree,5,"Instead of using just the mouse, perhaps a keyboard could be used as well. A key could be pressed to engage movement along an axis. For example, hold down the A key to move the object along the x axis while moving the mouse. Once the key is released, the movement stops.",Somewhat agree,"Perhaps instead of clicking on the portions of the object that needs to be controlled, they could be instead bound to a key on the keyboard for a quick selection. For instance, press 1 to move along the x axis, 2 for the y axis, and 3 for rotation.",Somewhat agree,Strongly agree,Perhaps guide lines could be projected from the x and y axis arrows to make it easier to target the object. e.g. picture an arrow like this:  â†’-----------,Somewhat disagree,37,Male,"Everyday, during a majority of business hours","Everyday, less than an hour",RPGs,A mouse,The mouse I used was a Logitech MX Master.,Mouse buttons,It's just a standard mouse and therefore nothing out of the ordinary about it.,Perhaps averaging inputs could be helpful for people who have issues with fine motor control (e.g. shaky mouse movements could be smoothed out) .,Strongly agree,Somewhat agree,Somewhat disagree,Perhaps the display field could be shown in a grid to help with the navigation of the object (it would be easier to align with the columns and rows of the grid).
74,7,5,6,7,6,7,6,4,6,7,6,Neither agree/nor disagree,7,Somewhat agree,6,Neither agree/nor disagree,7,Something improve this survey for my opinion.,Strongly agree,All object is good working,Somewhat disagree,Neither agree/nor disagree,Nothing for reduce errors,Somewhat agree,30,Male,"Everyday, a few hours","Everyday, less than an hour",Laptop,A mouse,Nothing mouse for very easily using ,Mouse buttons,like mouse button,good ,Somewhat agree,Neither agree/nor disagree,Somewhat agree,Slider also one click only using this survey.
75,6,4,3,6,5,4,4,3,3,2,5,Somewhat agree,6,Strongly agree,6,Somewhat agree,3,it's enough good,Somewhat agree,Make faster,Somewhat agree,Somewhat agree,there is no error,Somewhat agree,32,Female,"Everyday, during a majority of business hours",Once or twice a week,fighting games,A mouse,I am using mouse to move cursor,Mouse buttons,i am using mouse button for clicking,already good accessible,Somewhat agree,Somewhat disagree,Somewhat disagree,no
76,2,1,1,4,3,4,5,6,2,1,4,Strongly agree,6,Strongly agree,5,Strongly agree,2,"I think it was incredibly intuitive. As long as the instructions are clear as they were here (the video helped) I think pretty much anyone could get it (Instructions need to be clear as, had I just seen the interface with no clear instructions and practice, I would have thought you'd need to drag the circle to the correct spot, which would have been very hard.)",Strongly agree,"I couldn't think of a faster interface than a simple click! I really like the interface, but maybe making the ring slightly larger would help. There were times I was trying to click on the ring and just barely hit the inside of the ring, enough to move the whole thing.",Somewhat disagree,Somewhat agree,"The only errors I encountered, as I said, were in relation to accidentally clicking on the interior rather than the ring. Making the ring a bit bigger would help that.",Somewhat agree,49,Female,"Everyday, during a majority of business hours","Everyday, a few hours","first person shooters (Borderlands, COD), RPGs (Skyrim, etc), a huge variety of VR games (Oculus Rift)",A trackpad,"Nothing I can think of. It's a simple laptop trackpad, works fine, sensitivity tuned to my liking.",Trackpad buttons,Nothing I can think of. Just an average laptop trackpad.,"As I said, making the ring slightly larger would help. It could help prevent clicking on the interior rather than the ring by accident.This might be especially irritating for someone using an assistive device.",Strongly agree,Somewhat disagree,Somewhat disagree,"As I said, the only real issue I had was the size of the ring. Other than that, it was very interesting, and rather simple to use. The point and click system is easy (as opposed to click and drag, which would have made it a nightmare!)"
77,6,2,2,6,2,4,6,5,2,1,6,Somewhat agree,6,Strongly agree,7,Somewhat agree,3,improve fast move target,Somewhat agree,very fast move target,Somewhat agree,Strongly agree,reduce error perfectly,Somewhat agree,30,Male,"Everyday, less than an hour","Everyday, a few hours","tetris,pong",A mouse,no,Mouse buttons,no,target move access fastly accesss,Somewhat agree,Somewhat agree,Strongly agree,no
78,7,5,6,7,5,7,6,5,2,1,7,Somewhat agree,7,Neither agree/nor disagree,3,Somewhat agree,4,practice,Somewhat agree,practice,Somewhat agree,Strongly agree,na,Somewhat agree,28,Male,"Everyday, during a majority of business hours","Everyday, a few hours",race,A mouse,mouse,Mouse buttons,mouse,na,Somewhat agree,Neither agree/nor disagree,Somewhat agree,na
79,1,1,1,1,1,1,3,7,2,2,1,Somewhat agree,7,Strongly agree,6,Strongly agree,1,I can't really think of anything. Maybe click and drag instead of one click on one click off,Somewhat agree,"Again, click and drag is more precise",Somewhat disagree,Neither agree/nor disagree,"Again, click and drag is easier to fix errors. less clicks",Neither agree/nor disagree,29,Male,"Everyday, during a majority of business hours","Everyday, a few hours",MOBA and MMORPG's,A mouse,,Mouse buttons,It occasionally double clicks on accident,I really have no idea I have no idea what an assistive device is,Strongly agree,Neither agree/nor disagree,Somewhat agree,Nothing else I can think of besides switching to click and drag
80,7,5,7,6,7,6,7,6,1,1,7,Strongly agree,6,Somewhat agree,6,Strongly agree,5,Yes,Strongly agree,Yes,Strongly agree,Somewhat agree,yes,Strongly agree,34,Female,"Everyday, a few hours","Everyday, a few hours",yes,A mouse,I am mostly use for the mouse,Mouse buttons,This clicking for mostly,yes,Strongly agree,Somewhat agree,Strongly agree,Yes
81,7,7,1,7,7,7,7,7,7,7,7,Somewhat disagree,2,Strongly agree,2,Somewhat agree,7,unsure,Strongly agree,unsure,Strongly agree,Strongly agree,unsure,Strongly agree,35,Male,"Everyday, during a majority of business hours",Once or twice a week,magic the gathering DOTA 2,A mouse,its a track ball mouse,Mouse buttons,,unsure,Neither agree/nor disagree,Neither agree/nor disagree,Neither agree/nor disagree,unsure
82,7,6,7,6,7,6,7,6,7,7,7,Strongly agree,6,Strongly agree,7,Strongly agree,7,yes interface improved ,Strongly agree,yes faster,Strongly agree,Strongly agree,yes reduce in my errrors,Somewhat agree,55,Female,"Everyday, during a majority of business hours","Everyday, less than an hour",puzzle,A mouse,yes,Mouse buttons,yes clicking in the option,yes improved,Strongly agree,Strongly agree,Somewhat agree,yes control the inerface
83,4,3,2,4,3,4,4,3,5,2,4,Somewhat agree,4,Somewhat agree,3,Somewhat agree,3,it is better,Somewhat agree,some people are accept,Somewhat agree,Somewhat agree,some people was agree the control interface,Somewhat agree,43,Female,"Everyday, a few hours","Everyday, less than an hour",horror games,A pointing stick,move to the cursor on pointing stick to achieve a goal,Mouse buttons,use mouse drag the pointing stick,it is somewhat improve is better,Somewhat agree,Somewhat agree,Somewhat agree,somewhat improve
84,4,1,2,4,1,3,5,7,1,1,2,Strongly agree,7,Somewhat agree,7,Somewhat agree,7,positive,Neither agree/nor disagree,fast move mouse,Neither agree/nor disagree,Neither agree/nor disagree,clearly,Somewhat agree,55,Male,"Everyday, during a majority of business hours","Everyday, a few hours",shooting games,A mouse,mouse,Mouse buttons,no,change mouse position,Strongly agree,Somewhat agree,Somewhat agree,yes
85,7,7,6,6,5,7,7,5,1,5,7,Strongly agree,7,Somewhat agree,6,Somewhat agree,7,good,Strongly agree,good,Somewhat agree,Somewhat agree,good,Strongly agree,64,Female,"Everyday, during a majority of business hours","Everyday, a few hours",action,A mouse,nothing,Mouse buttons,nothing,nothing,Strongly agree,Somewhat agree,Somewhat agree,nothing
86,5,4,6,3,6,4,6,1,2,4,4,Somewhat agree,5,Neither agree/nor disagree,4,Somewhat agree,4,YES,Neither agree/nor disagree,YES,Neither agree/nor disagree,Somewhat agree,NO,Somewhat agree,35,Male,"Everyday, a few hours","Everyday, less than an hour", PUBG,A trackpad,YES,Keyboard,YES,YES,Somewhat agree,Neither agree/nor disagree,Somewhat agree,NO
87,2,2,2,2,2,3,2,4,2,2,2,Somewhat agree,6,Strongly agree,6,Strongly agree,2,allow keyboard use with trackpad and mouse,Somewhat agree,mouse sensitivity is important to be adaptable,Strongly disagree,Strongly agree,allow rotating and lateral movement simultaneously,Strongly agree,37,Male,"Everyday, during a majority of business hours",Rarely,sports,A mouse,trackpad and mouse,Mouse buttons,,keyboard inputs and hotkeys,Strongly agree,Somewhat agree,Somewhat agree,dotted line extending beyond arrow
88,6,5,4,4,4,5,5,6,6,7,6,Somewhat agree,4,Neither agree/nor disagree,5,Somewhat agree,5,i think its a perfect explanation,Strongly agree,precise and soft,Somewhat disagree,Somewhat agree,yes very gently,Somewhat agree,42,Male,"Everyday, during a majority of business hours","Everyday, a few hours","call of duty, counter strike",A mouse,very precise and soft,Mouse buttons,very easy to use,very easy to move,Somewhat agree,Strongly agree,Somewhat agree,i dont think so its a perfect form
89,2,2,2,1,1,1,2,2,3,3,5,Strongly agree,7,Strongly agree,7,Strongly agree,2,"I don't know, maybe if the crosshair turned green when you were in the center of the target before you clicked?",Somewhat agree,If it were two seperate clicks to place then rotate maybe?,Somewhat disagree,Somewhat agree,"I don't know, truly, I didn't feel like I had that many errors, it was literally no big deal to fix them.",Somewhat agree,28,Male,"Everyday, during a majority of business hours",Rarely,"Fortnite, Minecraft",A trackpad,,Trackpad buttons,,"It would be slower, but fine, I think.",Strongly agree,Strongly disagree,Strongly disagree,"No, nothing else."
90,4,5,3,4,5,4,5,5,5,5,5,Somewhat agree,6,Neither agree/nor disagree,5,Strongly agree,3,no,Somewhat agree,no,Neither agree/nor disagree,Strongly agree,no,Neither agree/nor disagree,45,Male,"Everyday, a few hours",Once or twice a week,Good,A mouse,Good,Mouse buttons,Good,no,Somewhat agree,Neither agree/nor disagree,Somewhat agree,no
91,2,3,4,6,5,4,5,2,3,3,5,Somewhat disagree,6,Neither agree/nor disagree,5,Somewhat disagree,3,OK,Somewhat disagree,OK,Neither agree/nor disagree,Somewhat agree,OK,Somewhat disagree,47,Female,Once or twice a week,"Everyday, a few hours",GOOD,A mouse,GOOD,Keyboard,GOOD,OK,Neither agree/nor disagree,Somewhat agree,Neither agree/nor disagree,OK
92,3,2,1,2,2,3,1,1,3,3,1,Somewhat agree,7,Somewhat agree,5,Somewhat agree,2,It could be designed so the inner circle controls the line and the outer ring around it controls the actual circle that needs to be moved to the target.,Somewhat agree,"It could be one solid interface that only needs to be clicked, dragged, and controlled once.",Somewhat disagree,Somewhat agree,It could be more in line with what you are doing on your trackpad or mouse.,Neither agree/nor disagree,26,Male,"Everyday, during a majority of business hours",Rarely,"Platformers, chess, Tetris",A trackpad,,Trackpad buttons,,,Strongly agree,Strongly agree,Strongly agree,The shape of the object could be changed to make it larger to make a larger space to reach the object.
93,6,5,7,5,6,4,6,5,6,5,6,Neither agree/nor disagree,4,Somewhat agree,5,Neither agree/nor disagree,5,"When we say something is intuitive, it means that something easy to use. We don't have to spend time reading instruction manuals to figure out how it works, we just use it, and it works. It's simple. Intuitive is a quality that every designer strives for in their work.",Somewhat agree," There are many techniques involved in crafting beautiful and functional interfaces. ... With quick wins and long strategies to start improving conversion tomorrow. ... Fading the extras allows visitors to easily focus their attention on the ... These hover controls can be achieved with some simple CSS code,",Neither agree/nor disagree,Somewhat agree,"Good design should help prevent such mismatches between the ... Southwest Airlines mobile site calendar interface.Keep the interface simple. ...
Create consistency and use common UI elements. ...
Be purposeful in page layout",Somewhat disagree,28,Female,"Everyday, during a majority of business hours","Everyday, a few hours",hp,A mouse,"The pointer or mouse cursor echoes movements of the pointing device, commonly a mouse, touchpad or trackball. This kind of cursor is used to manipulate elements of graphical user interfaces such as menus, buttons, scrollbars or any other widget.",Mouse buttons,mouse,"Choose a content management system that supports accessibility. ...
Use headings correctly to organize the structure of your content. ...
Include proper alt text for images. ...
Give your links unique and descriptive names. ...
Use color with care",Neither agree/nor disagree,Somewhat agree,Neither agree/nor disagree,n/a
94,5,5,7,7,5,7,5,7,3,7,5,Somewhat agree,7,Somewhat agree,5,Somewhat agree,7,more smoothness needed,Somewhat agree,object tracking should be more smotther,Somewhat agree,Somewhat agree,The objects are in different places. Itss hould be kept in a same place,Somewhat agree,33,Female,"Everyday, during a majority of business hours","Everyday, less than an hour",strategy,A mouse,click on the centre and move ,Mouse buttons,click on the centre and move ,more smoother and faster,Somewhat agree,Somewhat agree,Somewhat agree,should be more attractive
95,7,1,2,4,3,4,4,3,5,3,2,Somewhat agree,4,Strongly agree,6,Somewhat agree,5,the clock size may be increased a bit ,Strongly agree,it is having an adequate efficient control,Somewhat disagree,Neither agree/nor disagree,simple designing of interface can reduce most of the errors,Strongly agree,38,Female,"Everyday, during a majority of business hours",Once or twice a week,racing games ,A mouse,i used optical mouse to move the cursor ,Mouse buttons,for clicking on computer i always use mouse buttons ,it is easy to access and that is enough ,Strongly agree,Somewhat disagree,Somewhat disagree,rotation of a circle can be reduce
96,7,6,7,7,7,6,6,7,1,6,6,Strongly agree,7,Somewhat agree,7,Strongly agree,7,good,Strongly agree,good,Strongly agree,Somewhat agree,good,Strongly agree,22,Female,"Everyday, during a majority of business hours","Everyday, a few hours",action,A mouse,nothing,Mouse buttons,nothing,nothing,Strongly agree,Somewhat agree,Strongly agree,nothing
97,6,7,6,7,6,7,6,7,6,6,6,Strongly agree,6,Somewhat agree,5,Strongly agree,6,In this post I will try to shed some light on the hidden facets of intuitive user interface.,Strongly agree,There are many techniques involved in crafting beautiful and functional interfaces.,Neither agree/nor disagree,Somewhat agree,Good design should help prevent such mismatches between the .,Somewhat agree,26,Male,Once or twice a week,Once or twice a week,pubg,A mouse,is widely applied in user experience (UX) and user interface,Mouse buttons,"design is the process designers use to build interfaces in software or computerized devices,","Designlab is a part-time, online course that helps you improv",Somewhat agree,Strongly agree,Somewhat agree,"We can do this by adding padding and, in some cases,"
98,7,6,7,6,7,6,7,6,1,1,7,Strongly agree,6,Somewhat agree,7,Strongly agree,1,it is very improved,Strongly agree,yes it is very controlled,Strongly agree,Somewhat agree,Yes very quickly ,Strongly agree,48,Male,"Everyday, during a majority of business hours","Everyday, a few hours",Class of clans,A mouse,Mouse only,Mouse buttons,Right and Left click,yes it is better,Strongly agree,Somewhat agree,Strongly agree,yes it is control  to other interface
99,6,2,6,3,1,4,4,6,1,1,2,Neither agree/nor disagree,5,Somewhat agree,6,Strongly agree,5,Mind set to do that very easily,Strongly agree,without any interface and control our mindset to do this game has fast and easy,Somewhat disagree,Neither agree/nor disagree,very easy to control arrows and clock,Neither agree/nor disagree,68,Male,"Everyday, a few hours",Once or twice a week,"arcade,Race ",A mouse,using a mouse button to click arrow and move that so it is very easily to finish,Mouse buttons,using a mouse button to click clock and move that so it is very easily to finish,More practice to do that,Neither agree/nor disagree,Somewhat disagree,Neither agree/nor disagree,more and more practice to easy
100,5,5,3,5,5,4,6,6,2,2,5,Strongly agree,5,Strongly agree,3,Strongly agree,4,Maybe the green arrows could use some text to address which way the symbol turns.,Strongly agree,Maybe controls to adjust the speed at which the object moves.,Strongly disagree,Neither agree/nor disagree,The controls worked were perfectly fine.,Neither agree/nor disagree,34,Male,"Everyday, during a majority of business hours","Everyday, a few hours",I play multiplayer online battle arena video games.,A mouse,Not applicable.,Mouse buttons,Not applicable.,I don't think I could provide input regarding this aspect of the controls.,Strongly agree,Strongly disagree,Strongly disagree,I don't see other ways you could improve the control interface other than the suggestions I've stated above.
